TIME_PERIOD,REF_AREA,OBS_VALUE
2000-Q1,AT,72165.0
2000-Q2,AT,74385.0
2000-Q3,AT,77187.0
2000-Q4,AT,78221.0
2001-Q1,AT,80027.0
2001-Q2,AT,82185.0
2001-Q3,AT,82511.0
2001-Q4,AT,83680.0
2002-Q1,AT,83081.0
2002-Q2,AT,83046.0
2002-Q3,AT,82061.0
2002-Q4,AT,80016.0
2003-Q1,AT,81631.0
2003-Q2,AT,82528.0
2003-Q3,AT,82720.0
2003-Q4,AT,83863.0
2004-Q1,AT,84288.0
2004-Q2,AT,84565.0
2004-Q3,AT,86173.0
2004-Q4,AT,86140.0
2005-Q1,AT,86398.0
2005-Q2,AT,86334.0
2005-Q3,AT,87759.0
2005-Q4,AT,89855.0
2006-Q1,AT,85569.0
2006-Q2,AT,87114.0
2006-Q3,AT,89148.0
2006-Q4,AT,89229.0
2007-Q1,AT,87259.0
2007-Q2,AT,89204.0
2007-Q3,AT,91469.0
2007-Q4,AT,94126.0
2008-Q1,AT,94651.0
2008-Q2,AT,95975.0
2008-Q3,AT,97428.0
2008-Q4,AT,101421.0
2009-Q1,AT,102068.0
2009-Q2,AT,102593.0
2009-Q3,AT,103480.0
2009-Q4,AT,104399.0
2010-Q1,AT,103812.0
2010-Q2,AT,105499.0
2010-Q3,AT,105008.0
2010-Q4,AT,106773.0
2011-Q1,AT,106501.0
2011-Q2,AT,106896.0
2011-Q3,AT,107973.0
2011-Q4,AT,109196.0
2012-Q1,AT,110707.0
2012-Q2,AT,112033.0
2012-Q3,AT,113025.0
2012-Q4,AT,113868.0
2013-Q1,AT,113852.0
2013-Q2,AT,114827.0
2013-Q3,AT,116331.0
2013-Q4,AT,115059.0
2014-Q1,AT,113482.0
2014-Q2,AT,113659.0
2014-Q3,AT,115159.0
2014-Q4,AT,114636.0
2015-Q1,AT,114062.0
2015-Q2,AT,113616.0
2015-Q3,AT,113917.0
2015-Q4,AT,116285.0
2016-Q1,AT,115426.0
2016-Q2,AT,115265.0
2016-Q3,AT,116456.0
2016-Q4,AT,115944.0
2017-Q1,AT,118335.0
2017-Q2,AT,118626.0
2017-Q3,AT,121323.0
2017-Q4,AT,124027.0
2018-Q1,AT,124483.0
2018-Q2,AT,126357.0
2018-Q3,AT,129000.0
2018-Q4,AT,130338.0
2019-Q1,AT,132854.0
2019-Q2,AT,135979.0
2019-Q3,AT,140225.0
2019-Q4,AT,142909.0
2020-Q1,AT,145878.0
2020-Q2,AT,149205.0
2020-Q3,AT,152685.0
2000-Q1,BE,46211.18
2000-Q2,BE,47802.64
2000-Q3,BE,48774.16
2000-Q4,BE,48496.08
2001-Q1,BE,46479.05
2001-Q2,BE,46089.91
2001-Q3,BE,48105.01
2001-Q4,BE,48817.26
2002-Q1,BE,51523.95
2002-Q2,BE,50760.54
2002-Q3,BE,51410.53
2002-Q4,BE,49878.43
2003-Q1,BE,50011.46
2003-Q2,BE,49783.18
2003-Q3,BE,50100.59
2003-Q4,BE,50116.41
2004-Q1,BE,49585.34
2004-Q2,BE,48370.46
2004-Q3,BE,47953.72
2004-Q4,BE,46771.73
2005-Q1,BE,45687.01
2005-Q2,BE,45268.94
2005-Q3,BE,46666.93
2005-Q4,BE,48521.17
2006-Q1,BE,49104.86
2006-Q2,BE,48666.62
2006-Q3,BE,48548.33
2006-Q4,BE,50277.42
2007-Q1,BE,52843.62
2007-Q2,BE,53657.46
2007-Q3,BE,54599.62
2007-Q4,BE,56372.68
2008-Q1,BE,58827.33
2008-Q2,BE,60218.21
2008-Q3,BE,60886.81
2008-Q4,BE,62441.59
2009-Q1,BE,62908.52
2009-Q2,BE,66626.76
2009-Q3,BE,66407.64
2009-Q4,BE,62642.77
2010-Q1,BE,64158.79
2010-Q2,BE,63217.45
2010-Q3,BE,59649.05
2010-Q4,BE,60415.42
2011-Q1,BE,61221.73
2011-Q2,BE,61293.21
2011-Q3,BE,61787.83
2011-Q4,BE,62273.48
2012-Q1,BE,63230.22
2012-Q2,BE,61743.56
2012-Q3,BE,61430.67
2012-Q4,BE,62890.24
2013-Q1,BE,62972.61
2013-Q2,BE,63169.08
2013-Q3,BE,63271.6
2013-Q4,BE,66421.0
2014-Q1,BE,65794.79
2014-Q2,BE,65368.28
2014-Q3,BE,65305.63
2014-Q4,BE,64864.68
2015-Q1,BE,65285.86
2015-Q2,BE,66627.91
2015-Q3,BE,67722.9
2015-Q4,BE,69651.36
2016-Q1,BE,68857.5
2016-Q2,BE,70455.35
2016-Q3,BE,71870.41
2016-Q4,BE,74924.95
2017-Q1,BE,76641.39
2017-Q2,BE,74645.44
2017-Q3,BE,76065.23
2017-Q4,BE,78800.76
2018-Q1,BE,81744.75
2018-Q2,BE,85137.07
2018-Q3,BE,84810.76
2018-Q4,BE,82208.56
2019-Q1,BE,84562.46
2019-Q2,BE,86587.29
2019-Q3,BE,87945.06
2019-Q4,BE,89600.88
2020-Q1,BE,92001.65
2020-Q2,BE,94031.51
2020-Q3,BE,90681.96
2006-Q4,BG,7754.0
2007-Q1,BG,9067.0
2007-Q2,BG,10574.0
2007-Q3,BG,11626.0
2007-Q4,BG,13781.0
2008-Q1,BG,15153.0
2008-Q2,BG,17001.0
2008-Q3,BG,18426.0
2008-Q4,BG,19020.0
2009-Q1,BG,19503.0
2009-Q2,BG,19883.0
2009-Q3,BG,20414.0
2009-Q4,BG,20717.0
2010-Q1,BG,20907.0
2010-Q2,BG,21026.0
2010-Q3,BG,21681.0
2010-Q4,BG,21709.0
2011-Q1,BG,21962.0
2011-Q2,BG,22626.0
2011-Q3,BG,22939.0
2011-Q4,BG,23645.0
2012-Q1,BG,23893.0
2012-Q2,BG,24587.0
2012-Q3,BG,24951.0
2012-Q4,BG,25199.0
2013-Q1,BG,25246.0
2013-Q2,BG,25291.0
2013-Q3,BG,25465.0
2013-Q4,BG,25410.0
2014-Q1,BG,25798.0
2014-Q2,BG,26352.0
2014-Q3,BG,26414.0
2014-Q4,BG,21446.0
2015-Q1,BG,21443.0
2015-Q2,BG,21453.0
2015-Q3,BG,21483.0
2015-Q4,BG,21023.0
2016-Q1,BG,20612.0
2016-Q2,BG,21015.0
2016-Q3,BG,21149.0
2016-Q4,BG,20883.0
2017-Q1,BG,20138.0
2017-Q2,BG,20091.0
2017-Q3,BG,20415.0
2017-Q4,BG,20359.0
2018-Q1,BG,20517.0
2018-Q2,BG,20952.0
2018-Q3,BG,21234.0
2018-Q4,BG,21461.0
2019-Q1,BG,21748.0
2019-Q2,BG,22059.0
2019-Q3,BG,22439.0
2019-Q4,BG,22853.0
2020-Q1,BG,23029.0
2020-Q2,BG,23249.0
2020-Q3,BG,23375.0
2004-Q1,CY,4741.0
2004-Q2,CY,4905.0
2004-Q3,CY,5009.0
2004-Q4,CY,5109.0
2005-Q1,CY,5382.0
2005-Q2,CY,5692.0
2005-Q3,CY,5986.0
2005-Q4,CY,6545.0
2006-Q1,CY,6998.0
2006-Q2,CY,7371.0
2006-Q3,CY,7698.0
2006-Q4,CY,7596.0
2007-Q1,CY,8210.0
2007-Q2,CY,8975.0
2007-Q3,CY,9476.0
2007-Q4,CY,10470.0
2008-Q1,CY,11273.0
2008-Q2,CY,12319.0
2008-Q3,CY,14409.0
2008-Q4,CY,15323.0
2009-Q1,CY,15395.0
2009-Q2,CY,16324.0
2009-Q3,CY,15957.0
2009-Q4,CY,15782.0
2010-Q1,CY,16378.0
2010-Q2,CY,16429.0
2010-Q3,CY,16592.0
2010-Q4,CY,16780.0
2011-Q1,CY,16736.0
2011-Q2,CY,16868.0
2011-Q3,CY,17683.0
2011-Q4,CY,17773.0
2012-Q1,CY,17545.0
2012-Q2,CY,17633.0
2012-Q3,CY,17747.0
2012-Q4,CY,17690.0
2013-Q1,CY,17736.0
2013-Q2,CY,17557.0
2013-Q3,CY,17154.0
2013-Q4,CY,17255.0
2014-Q1,CY,17294.0
2014-Q2,CY,17408.0
2014-Q3,CY,17417.0
2014-Q4,CY,16576.0
2015-Q1,CY,16879.0
2015-Q2,CY,16681.0
2015-Q3,CY,16813.0
2015-Q4,CY,16602.0
2016-Q1,CY,16281.0
2016-Q2,CY,15910.0
2016-Q3,CY,15579.0
2016-Q4,CY,15316.0
2017-Q1,CY,15234.0
2017-Q2,CY,15045.0
2017-Q3,CY,14914.0
2017-Q4,CY,14482.0
2018-Q1,CY,13588.0
2018-Q2,CY,13654.0
2018-Q3,CY,12659.0
2018-Q4,CY,12148.0
2019-Q1,CY,12275.0
2019-Q2,CY,9795.0
2019-Q3,CY,9794.0
2019-Q4,CY,9316.0
2020-Q1,CY,9193.0
2020-Q2,CY,8905.0
2020-Q3,CY,8984.0
2004-Q1,CZ,184059.0
2004-Q2,CZ,188541.0
2004-Q3,CZ,203811.0
2004-Q4,CZ,201761.0
2005-Q1,CZ,207073.0
2005-Q2,CZ,225853.0
2005-Q3,CZ,258942.0
2005-Q4,CZ,272486.0
2006-Q1,CZ,284361.0
2006-Q2,CZ,306799.0
2006-Q3,CZ,317784.0
2006-Q4,CZ,376827.0
2007-Q1,CZ,392325.0
2007-Q2,CZ,429057.0
2007-Q3,CZ,437491.0
2007-Q4,CZ,428851.0
2008-Q1,CZ,429420.0
2008-Q2,CZ,442310.0
2008-Q3,CZ,466881.0
2008-Q4,CZ,501674.0
2009-Q1,CZ,531319.0
2009-Q2,CZ,527298.0
2009-Q3,CZ,525173.0
2009-Q4,CZ,529557.0
2010-Q1,CZ,509756.0
2010-Q2,CZ,512787.0
2010-Q3,CZ,517059.0
2010-Q4,CZ,528502.0
2011-Q1,CZ,535634.0
2011-Q2,CZ,551330.0
2011-Q3,CZ,556562.0
2011-Q4,CZ,571791.0
2012-Q1,CZ,565931.0
2012-Q2,CZ,573192.0
2012-Q3,CZ,568356.0
2012-Q4,CZ,578492.0
2013-Q1,CZ,591599.0
2013-Q2,CZ,580754.0
2013-Q3,CZ,586558.0
2013-Q4,CZ,612336.0
2014-Q1,CZ,601178.0
2014-Q2,CZ,608032.0
2014-Q3,CZ,608568.0
2014-Q4,CZ,640290.0
2015-Q1,CZ,644516.0
2015-Q2,CZ,658744.0
2015-Q3,CZ,696585.0
2015-Q4,CZ,707670.0
2016-Q1,CZ,733666.0
2016-Q2,CZ,740403.0
2016-Q3,CZ,762894.0
2016-Q4,CZ,760537.0
2017-Q1,CZ,769234.0
2017-Q2,CZ,781613.0
2017-Q3,CZ,789781.0
2017-Q4,CZ,781427.0
2018-Q1,CZ,795752.0
2018-Q2,CZ,822391.0
2018-Q3,CZ,839555.0
2018-Q4,CZ,841844.0
2019-Q1,CZ,841565.0
2019-Q2,CZ,849292.0
2019-Q3,CZ,873991.0
2019-Q4,CZ,878055.0
2020-Q1,CZ,909074.0
2020-Q2,CZ,907420.0
2020-Q3,CZ,910202.0
2000-Q1,DE,566798.0
2000-Q2,DE,573820.0
2000-Q3,DE,581717.0
2000-Q4,DE,592918.0
2001-Q1,DE,595999.0
2001-Q2,DE,596527.0
2001-Q3,DE,601555.0
2001-Q4,DE,610913.0
2002-Q1,DE,611569.0
2002-Q2,DE,606618.0
2002-Q3,DE,606433.0
2002-Q4,DE,607646.0
2003-Q1,DE,603080.0
2003-Q2,DE,600325.0
2003-Q3,DE,596160.0
2003-Q4,DE,593908.0
2004-Q1,DE,594314.0
2004-Q2,DE,594925.0
2004-Q3,DE,590733.0
2004-Q4,DE,597225.0
2005-Q1,DE,587838.0
2005-Q2,DE,586804.0
2005-Q3,DE,580283.0
2005-Q4,DE,585307.0
2006-Q1,DE,589514.0
2006-Q2,DE,592595.0
2006-Q3,DE,598419.0
2006-Q4,DE,597144.0
2007-Q1,DE,600620.0
2007-Q2,DE,604040.0
2007-Q3,DE,610775.0
2007-Q4,DE,622600.0
2008-Q1,DE,613378.0
2008-Q2,DE,613860.0
2008-Q3,DE,624137.0
2008-Q4,DE,631708.0
2009-Q1,DE,629819.0
2009-Q2,DE,625702.0
2009-Q3,DE,630694.0
2009-Q4,DE,634095.0
2010-Q1,DE,626814.0
2010-Q2,DE,619884.0
2010-Q3,DE,619261.0
2010-Q4,DE,575321.0
2011-Q1,DE,569014.0
2011-Q2,DE,569134.0
2011-Q3,DE,570230.0
2011-Q4,DE,580009.0
2012-Q1,DE,580087.0
2012-Q2,DE,589692.0
2012-Q3,DE,581351.0
2012-Q4,DE,581739.0
2013-Q1,DE,580525.0
2013-Q2,DE,582989.0
2013-Q3,DE,591616.0
2013-Q4,DE,600949.0
2014-Q1,DE,596942.0
2014-Q2,DE,600234.0
2014-Q3,DE,601737.0
2014-Q4,DE,595694.0
2015-Q1,DE,599630.0
2015-Q2,DE,597914.0
2015-Q3,DE,601514.0
2015-Q4,DE,608256.0
2016-Q1,DE,604741.0
2016-Q2,DE,607573.0
2016-Q3,DE,614102.0
2016-Q4,DE,622404.0
2017-Q1,DE,628588.0
2017-Q2,DE,629497.0
2017-Q3,DE,635269.0
2017-Q4,DE,650200.0
2018-Q1,DE,656861.0
2018-Q2,DE,666704.0
2018-Q3,DE,677396.0
2018-Q4,DE,680170.0
2019-Q1,DE,690530.0
2019-Q2,DE,705113.0
2019-Q3,DE,712957.0
2019-Q4,DE,721001.0
2020-Q1,DE,732026.0
2020-Q2,DE,765204.0
2020-Q3,DE,746855.0
2012-Q4,DK,866808.0
2013-Q1,DK,859768.0
2013-Q2,DK,865333.0
2013-Q3,DK,868439.0
2013-Q4,DK,865533.0
2014-Q1,DK,884014.0
2014-Q2,DK,890030.0
2014-Q3,DK,899372.0
2014-Q4,DK,903017.0
2015-Q1,DK,918374.0
2015-Q2,DK,908004.0
2015-Q3,DK,911917.0
2015-Q4,DK,911317.0
2016-Q1,DK,919856.0
2016-Q2,DK,927394.0
2016-Q3,DK,937329.0
2016-Q4,DK,944652.0
2017-Q1,DK,958067.0
2017-Q2,DK,963647.0
2017-Q3,DK,971293.0
2017-Q4,DK,974160.0
2018-Q1,DK,987214.0
2018-Q2,DK,994975.0
2018-Q3,DK,1004147.0
2018-Q4,DK,1018206.0
2019-Q1,DK,1039819.0
2019-Q2,DK,1058764.0
2019-Q3,DK,1084492.0
2019-Q4,DK,1077588.0
2020-Q1,DK,1083771.0
2020-Q2,DK,1101188.0
2020-Q3,DK,1117401.0
2004-Q1,EE,1309.4
2004-Q2,EE,1383.35
2004-Q3,EE,1506.8
2004-Q4,EE,1682.5
2005-Q1,EE,1842.03
2005-Q2,EE,2017.96
2005-Q3,EE,2354.66
2005-Q4,EE,2719.54
2006-Q1,EE,2971.47
2006-Q2,EE,3456.69
2006-Q3,EE,3842.05
2006-Q4,EE,4393.6
2007-Q1,EE,4763.44
2007-Q2,EE,5158.53
2007-Q3,EE,5607.37
2007-Q4,EE,5979.92
2008-Q1,EE,6233.87
2008-Q2,EE,6469.1
2008-Q3,EE,6587.18
2008-Q4,EE,6502.63
2009-Q1,EE,6536.24
2009-Q2,EE,6435.62
2009-Q3,EE,6315.6
2009-Q4,EE,6132.39
2010-Q1,EE,6295.21
2010-Q2,EE,6248.16
2010-Q3,EE,6172.56
2010-Q4,EE,6001.9
2011-Q1,EE,5755.1
2011-Q2,EE,5542.9
2011-Q3,EE,5401.3
2011-Q4,EE,5246.7
2012-Q1,EE,5291.0
2012-Q2,EE,5399.0
2012-Q3,EE,5498.2
2012-Q4,EE,5599.9
2013-Q1,EE,5719.5
2013-Q2,EE,5620.5
2013-Q3,EE,5714.8
2013-Q4,EE,5776.0
2014-Q1,EE,5765.4
2014-Q2,EE,5906.5
2014-Q3,EE,5992.4
2014-Q4,EE,5920.6
2015-Q1,EE,5914.3
2015-Q2,EE,6023.2
2015-Q3,EE,6229.5
2015-Q4,EE,6377.5
2016-Q1,EE,6511.03
2016-Q2,EE,6600.6
2016-Q3,EE,6748.33
2016-Q4,EE,6861.38
2017-Q1,EE,6970.63
2017-Q2,EE,6983.54
2017-Q3,EE,6374.32
2017-Q4,EE,6445.44
2018-Q1,EE,6578.38
2018-Q2,EE,6638.74
2018-Q3,EE,6671.18
2018-Q4,EE,6767.35
2019-Q1,EE,6981.27
2019-Q2,EE,7108.01
2019-Q3,EE,7100.77
2019-Q4,EE,6825.98
2020-Q1,EE,6926.06
2020-Q2,EE,6969.15
2020-Q3,EE,7064.22
2000-Q1,ES,146771.0
2000-Q2,ES,157251.0
2000-Q3,ES,168009.0
2000-Q4,ES,168008.0
2001-Q1,ES,169890.0
2001-Q2,ES,181571.0
2001-Q3,ES,190186.0
2001-Q4,ES,202869.0
2002-Q1,ES,211331.0
2002-Q2,ES,213489.0
2002-Q3,ES,217196.0
2002-Q4,ES,228067.0
2003-Q1,ES,239269.0
2003-Q2,ES,248787.0
2003-Q3,ES,257296.0
2003-Q4,ES,268543.0
2004-Q1,ES,281094.0
2004-Q2,ES,297607.0
2004-Q3,ES,308497.0
2004-Q4,ES,315836.0
2005-Q1,ES,332137.0
2005-Q2,ES,355265.0
2005-Q3,ES,373677.0
2005-Q4,ES,398568.0
2006-Q1,ES,426004.0
2006-Q2,ES,459865.0
2006-Q3,ES,493374.0
2006-Q4,ES,540165.0
2007-Q1,ES,568049.0
2007-Q2,ES,608574.0
2007-Q3,ES,635277.0
2007-Q4,ES,662041.0
2008-Q1,ES,678385.0
2008-Q2,ES,695621.0
2008-Q3,ES,709968.0
2008-Q4,ES,717927.0
2009-Q1,ES,726177.0
2009-Q2,ES,724950.0
2009-Q3,ES,720902.0
2009-Q4,ES,720755.0
2010-Q1,ES,717198.0
2010-Q2,ES,723213.0
2010-Q3,ES,720761.0
2010-Q4,ES,706958.0
2011-Q1,ES,699514.0
2011-Q2,ES,685150.0
2011-Q3,ES,678555.0
2011-Q4,ES,670855.0
2012-Q1,ES,663174.0
2012-Q2,ES,641710.0
2012-Q3,ES,627067.0
2012-Q4,ES,550021.0
2013-Q1,ES,510061.0
2013-Q2,ES,498171.0
2013-Q3,ES,494837.0
2013-Q4,ES,479055.0
2014-Q1,ES,461661.0
2014-Q2,ES,449428.0
2014-Q3,ES,437011.0
2014-Q4,ES,431757.0
2015-Q1,ES,425715.0
2015-Q2,ES,418745.0
2015-Q3,ES,411309.0
2015-Q4,ES,408910.0
2016-Q1,ES,419278.0
2016-Q2,ES,412118.0
2016-Q3,ES,406107.0
2016-Q4,ES,401498.0
2017-Q1,ES,399181.0
2017-Q2,ES,389007.0
2017-Q3,ES,384472.0
2017-Q4,ES,383659.0
2018-Q1,ES,362741.0
2018-Q2,ES,360590.0
2018-Q3,ES,354052.0
2018-Q4,ES,350403.0
2019-Q1,ES,349283.0
2019-Q2,ES,347056.0
2019-Q3,ES,345423.0
2019-Q4,ES,342791.0
2020-Q1,ES,340325.0
2020-Q2,ES,395391.0
2020-Q3,ES,397070.0
2000-Q1,FI,20769.0
2000-Q2,FI,20547.0
2000-Q3,FI,20499.0
2000-Q4,FI,20431.0
2001-Q1,FI,21220.0
2001-Q2,FI,23368.0
2001-Q3,FI,23238.0
2001-Q4,FI,22087.0
2002-Q1,FI,23837.0
2002-Q2,FI,24186.0
2002-Q3,FI,24508.0
2002-Q4,FI,24387.0
2003-Q1,FI,23717.0
2003-Q2,FI,24791.0
2003-Q3,FI,25046.0
2003-Q4,FI,25974.0
2004-Q1,FI,26407.0
2004-Q2,FI,27046.0
2004-Q3,FI,27124.0
2004-Q4,FI,27759.0
2005-Q1,FI,27885.0
2005-Q2,FI,28452.0
2005-Q3,FI,28837.0
2005-Q4,FI,29267.0
2006-Q1,FI,29696.0
2006-Q2,FI,29821.0
2006-Q3,FI,30080.0
2006-Q4,FI,31351.0
2007-Q1,FI,32232.0
2007-Q2,FI,33060.0
2007-Q3,FI,33668.0
2007-Q4,FI,34993.0
2008-Q1,FI,36765.0
2008-Q2,FI,38307.0
2008-Q3,FI,39138.0
2008-Q4,FI,39898.0
2009-Q1,FI,41529.0
2009-Q2,FI,41099.0
2009-Q3,FI,40572.0
2009-Q4,FI,40984.0
2010-Q1,FI,41045.0
2010-Q2,FI,43404.0
2010-Q3,FI,43491.0
2010-Q4,FI,43464.0
2011-Q1,FI,47171.0
2011-Q2,FI,48064.0
2011-Q3,FI,49567.0
2011-Q4,FI,50878.0
2012-Q1,FI,52079.0
2012-Q2,FI,52907.0
2012-Q3,FI,53964.0
2012-Q4,FI,52251.0
2013-Q1,FI,50477.0
2013-Q2,FI,51228.0
2013-Q3,FI,52008.0
2013-Q4,FI,51638.0
2014-Q1,FI,51426.0
2014-Q2,FI,52476.0
2014-Q3,FI,54506.0
2014-Q4,FI,53982.0
2015-Q1,FI,52837.0
2015-Q2,FI,54756.0
2015-Q3,FI,53326.0
2015-Q4,FI,52815.0
2016-Q1,FI,54375.0
2016-Q2,FI,55272.0
2016-Q3,FI,58405.0
2016-Q4,FI,58620.0
2017-Q1,FI,55687.0
2017-Q2,FI,55743.0
2017-Q3,FI,56419.0
2017-Q4,FI,57233.0
2018-Q1,FI,58171.0
2018-Q2,FI,59996.0
2018-Q3,FI,60032.0
2018-Q4,FI,58443.0
2019-Q1,FI,59432.0
2019-Q2,FI,58927.0
2019-Q3,FI,60855.0
2019-Q4,FI,63081.0
2020-Q1,FI,65674.0
2020-Q2,FI,68024.0
2020-Q3,FI,68855.0
2000-Q1,FR,347094.0
2000-Q2,FR,357533.0
2000-Q3,FR,362496.0
2000-Q4,FR,370038.0
2001-Q1,FR,373874.0
2001-Q2,FR,387016.0
2001-Q3,FR,390846.0
2001-Q4,FR,395376.0
2002-Q1,FR,394667.0
2002-Q2,FR,402130.0
2002-Q3,FR,408152.0
2002-Q4,FR,412782.0
2003-Q1,FR,395204.0
2003-Q2,FR,388292.0
2003-Q3,FR,385139.0
2003-Q4,FR,383206.0
2004-Q1,FR,391477.0
2004-Q2,FR,392614.0
2004-Q3,FR,399039.0
2004-Q4,FR,402942.0
2005-Q1,FR,404417.0
2005-Q2,FR,412626.0
2005-Q3,FR,421671.0
2005-Q4,FR,433369.0
2006-Q1,FR,451744.0
2006-Q2,FR,462149.0
2006-Q3,FR,469443.0
2006-Q4,FR,474438.0
2007-Q1,FR,483891.0
2007-Q2,FR,500820.0
2007-Q3,FR,521128.0
2007-Q4,FR,541677.0
2008-Q1,FR,557920.0
2008-Q2,FR,571549.0
2008-Q3,FR,591875.0
2008-Q4,FR,607922.0
2009-Q1,FR,625836.0
2009-Q2,FR,621783.0
2009-Q3,FR,621149.0
2009-Q4,FR,621621.0
2010-Q1,FR,624304.0
2010-Q2,FR,628068.0
2010-Q3,FR,631826.0
2010-Q4,FR,636004.0
2011-Q1,FR,648835.0
2011-Q2,FR,657841.0
2011-Q3,FR,673749.0
2011-Q4,FR,674609.0
2012-Q1,FR,678172.0
2012-Q2,FR,673761.0
2012-Q3,FR,672510.0
2012-Q4,FR,672509.0
2013-Q1,FR,667486.0
2013-Q2,FR,666866.0
2013-Q3,FR,668585.0
2013-Q4,FR,671663.0
2014-Q1,FR,672235.0
2014-Q2,FR,676984.0
2014-Q3,FR,682696.0
2014-Q4,FR,692011.0
2015-Q1,FR,697077.0
2015-Q2,FR,702470.0
2015-Q3,FR,709205.0
2015-Q4,FR,720464.0
2016-Q1,FR,727671.0
2016-Q2,FR,739774.0
2016-Q3,FR,746439.0
2016-Q4,FR,757633.0
2017-Q1,FR,768919.0
2017-Q2,FR,772587.0
2017-Q3,FR,786713.0
2017-Q4,FR,801682.0
2018-Q1,FR,809259.0
2018-Q2,FR,818699.0
2018-Q3,FR,829465.0
2018-Q4,FR,847582.0
2019-Q1,FR,857452.0
2019-Q2,FR,876130.0
2019-Q3,FR,887506.0
2019-Q4,FR,890815.0
2020-Q1,FR,925620.0
2020-Q2,FR,950769.0
2020-Q3,FR,963966.0
2000-Q1,GR,14677.0
2000-Q2,GR,15724.0
2000-Q3,GR,13322.0
2000-Q4,GR,14572.0
2001-Q1,GR,14240.0
2001-Q2,GR,15296.0
2001-Q3,GR,15390.0
2001-Q4,GR,16488.0
2002-Q1,GR,16614.0
2002-Q2,GR,16958.0
2002-Q3,GR,16678.0
2002-Q4,GR,19300.0
2003-Q1,GR,20715.0
2003-Q2,GR,21765.0
2003-Q3,GR,22311.0
2003-Q4,GR,23143.0
2004-Q1,GR,23971.0
2004-Q2,GR,25405.0
2004-Q3,GR,26769.0
2004-Q4,GR,27438.0
2005-Q1,GR,27902.0
2005-Q2,GR,29228.0
2005-Q3,GR,30274.0
2005-Q4,GR,31710.0
2006-Q1,GR,30414.0
2006-Q2,GR,31380.0
2006-Q3,GR,31946.0
2006-Q4,GR,31736.0
2007-Q1,GR,33912.0
2007-Q2,GR,36723.0
2007-Q3,GR,38012.0
2007-Q4,GR,39783.0
2008-Q1,GR,41425.0
2008-Q2,GR,43845.0
2008-Q3,GR,46405.0
2008-Q4,GR,45893.0
2009-Q1,GR,46209.0
2009-Q2,GR,44373.0
2009-Q3,GR,44559.0
2009-Q4,GR,45835.0
2010-Q1,GR,46859.0
2010-Q2,GR,73095.0
2010-Q3,GR,71767.0
2010-Q4,GR,72346.0
2011-Q1,GR,71327.0
2011-Q2,GR,70624.0
2011-Q3,GR,72225.0
2011-Q4,GR,71566.0
2012-Q1,GR,69089.0
2012-Q2,GR,65458.0
2012-Q3,GR,63208.0
2012-Q4,GR,60857.0
2013-Q1,GR,64135.0
2013-Q2,GR,62484.0
2013-Q3,GR,61607.0
2013-Q4,GR,61515.0
2014-Q1,GR,60346.89
2014-Q2,GR,62024.97
2014-Q3,GR,62637.47
2014-Q4,GR,63105.34
2015-Q1,GR,64317.03
2015-Q2,GR,60215.38
2015-Q3,GR,58859.04
2015-Q4,GR,58891.07
2016-Q1,GR,58862.39
2016-Q2,GR,58532.14
2016-Q3,GR,57900.04
2016-Q4,GR,58286.05
2017-Q1,GR,58075.45
2017-Q2,GR,57266.29
2017-Q3,GR,55772.71
2017-Q4,GR,55610.41
2018-Q1,GR,55067.5
2018-Q2,GR,54966.42
2018-Q3,GR,54250.89
2018-Q4,GR,53291.22
2019-Q1,GR,47166.82
2019-Q2,GR,47462.24
2019-Q3,GR,46954.37
2019-Q4,GR,46721.18
2020-Q1,GR,46649.31
2020-Q2,GR,47880.67
2020-Q3,GR,50389.62
2012-Q1,HR,78910.63
2012-Q2,HR,79937.77
2012-Q3,HR,79325.3
2012-Q4,HR,74383.58
2013-Q1,HR,75194.28
2013-Q2,HR,75923.82
2013-Q3,HR,76124.69
2013-Q4,HR,73518.71
2014-Q1,HR,71850.47
2014-Q2,HR,71504.69
2014-Q3,HR,69896.25
2014-Q4,HR,69638.29
2015-Q1,HR,69332.63
2015-Q2,HR,68179.8
2015-Q3,HR,68136.53
2015-Q4,HR,67357.9
2016-Q1,HR,65437.37
2016-Q2,HR,63903.04
2016-Q3,HR,63651.17
2016-Q4,HR,64860.68
2017-Q1,HR,64076.75
2017-Q2,HR,65478.95
2017-Q3,HR,67159.05
2017-Q4,HR,64795.75
2018-Q1,HR,63991.52
2018-Q2,HR,65356.34
2018-Q3,HR,64625.0
2018-Q4,HR,63803.63
2019-Q1,HR,65515.91
2019-Q2,HR,65980.15
2019-Q3,HR,64621.88
2019-Q4,HR,65566.39
2020-Q1,HR,68865.3
2020-Q2,HR,68903.36
2020-Q3,HR,69251.55
2000-Q1,HU,1302174.0
2000-Q2,HU,1423001.0
2000-Q3,HU,1580553.0
2000-Q4,HU,1714140.0
2001-Q1,HU,1771926.0
2001-Q2,HU,1736578.0
2001-Q3,HU,1856492.0
2001-Q4,HU,1877653.0
2002-Q1,HU,1874697.0
2002-Q2,HU,1922212.0
2002-Q3,HU,2010917.0
2002-Q4,HU,1939837.0
2003-Q1,HU,1986596.0
2003-Q2,HU,2201361.0
2003-Q3,HU,2355250.0
2003-Q4,HU,2556580.0
2004-Q1,HU,2611350.0
2004-Q2,HU,2830600.0
2004-Q3,HU,2934687.0
2004-Q4,HU,3074674.0
2005-Q1,HU,3097718.0
2005-Q2,HU,3226001.0
2005-Q3,HU,3368999.0
2005-Q4,HU,3523738.0
2006-Q1,HU,3647820.0
2006-Q2,HU,3785527.0
2006-Q3,HU,3920520.0
2006-Q4,HU,3943071.0
2007-Q1,HU,3977447.0
2007-Q2,HU,4110595.0
2007-Q3,HU,4304179.0
2007-Q4,HU,4573586.0
2008-Q1,HU,4791831.0
2008-Q2,HU,4553567.0
2008-Q3,HU,4814883.0
2008-Q4,HU,5139416.0
2009-Q1,HU,5683066.0
2009-Q2,HU,5175790.0
2009-Q3,HU,5033242.0
2009-Q4,HU,5021158.0
2010-Q1,HU,4957748.0
2010-Q2,HU,5273372.0
2010-Q3,HU,5092807.0
2010-Q4,HU,5069887.0
2011-Q1,HU,4736129.0
2011-Q2,HU,4696525.0
2011-Q3,HU,4955411.0
2011-Q4,HU,5042862.0
2012-Q1,HU,4706084.0
2012-Q2,HU,4527115.0
2012-Q3,HU,4431012.0
2012-Q4,HU,4400618.0
2013-Q1,HU,4556138.0
2013-Q2,HU,4351164.0
2013-Q3,HU,4739446.0
2013-Q4,HU,4651756.0
2014-Q1,HU,4648433.0
2014-Q2,HU,4717043.0
2014-Q3,HU,4741044.0
2014-Q4,HU,4791709.0
2015-Q1,HU,4467348.0
2015-Q2,HU,4447094.0
2015-Q3,HU,4391403.0
2015-Q4,HU,4243132.0
2016-Q1,HU,4165286.0
2016-Q2,HU,4126704.0
2016-Q3,HU,4037651.0
2016-Q4,HU,4257423.0
2017-Q1,HU,4319677.0
2017-Q2,HU,4380360.0
2017-Q3,HU,4507510.0
2017-Q4,HU,4617487.0
2018-Q1,HU,4639283.0
2018-Q2,HU,4995119.0
2018-Q3,HU,5161735.0
2018-Q4,HU,5284439.0
2019-Q1,HU,5392427.0
2019-Q2,HU,5774570.0
2019-Q3,HU,5957410.0
2019-Q4,HU,5914552.0
2020-Q1,HU,6400769.0
2020-Q2,HU,6458419.0
2020-Q3,HU,6915431.0
2000-Q1,I7,1599652.125
2000-Q2,I7,1636004.0
2000-Q3,I7,1669935.25
2000-Q4,I7,1726046.375
2001-Q1,I7,1766241.375
2001-Q2,I7,1791859.75
2001-Q3,I7,1816952.375
2001-Q4,I7,1893923.875
2002-Q1,I7,1925526.75
2002-Q2,I7,1934767.125
2002-Q3,I7,1943204.25
2002-Q4,I7,1978303.25
2003-Q1,I7,1961724.0
2003-Q2,I7,1978755.0
2003-Q3,I7,2012560.875
2003-Q4,I7,2044982.625
2004-Q1,I7,2097389.75
2004-Q2,I7,2116167.75
2004-Q3,I7,2143465.0
2004-Q4,I7,2173042.0
2005-Q1,I7,2176660.5
2005-Q2,I7,2228752.25
2005-Q3,I7,2281496.5
2005-Q4,I7,2354031.5
2006-Q1,I7,2404792.5
2006-Q2,I7,2488678.5
2006-Q3,I7,2589270.5
2006-Q4,I7,2662240.5
2007-Q1,I7,2697086.5
2007-Q2,I7,2814700.5
2007-Q3,I7,2911117.75
2007-Q4,I7,3051100.75
2008-Q1,I7,3088316.75
2008-Q2,I7,3194074.25
2008-Q3,I7,3299186.0
2008-Q4,I7,3358550.25
2009-Q1,I7,3381206.25
2009-Q2,I7,3381652.5
2009-Q3,I7,3364406.5
2009-Q4,I7,3365489.5
2010-Q1,I7,3370011.5
2010-Q2,I7,3406324.5
2010-Q3,I7,3433410.75
2010-Q4,I7,3489533.75
2011-Q1,I7,3480544.0
2011-Q2,I7,3527270.0
2011-Q3,I7,3528366.0
2011-Q4,I7,3479869.0
2012-Q1,I7,3442895.0
2012-Q2,I7,3439700.75
2012-Q3,I7,3410439.5
2012-Q4,I7,3294360.25
2013-Q1,I7,3264275.25
2013-Q2,I7,3235304.5
2013-Q3,I7,3206934.5
2013-Q4,I7,3145346.5
2014-Q1,I7,3148148.5
2014-Q2,I7,3127563.0
2014-Q3,I7,3117256.25
2014-Q4,I7,3132337.25
2000-Q1,I8,1603257.25
2000-Q2,I8,1638504.38
2000-Q3,I8,1666622.5
2000-Q4,I8,1717175.38
2001-Q1,I8,1752278.88
2001-Q2,I8,1777270.13
2001-Q3,I8,1798328.88
2001-Q4,I8,1874563.75
2002-Q1,I8,1908104.0
2002-Q2,I8,1910577.88
2002-Q3,I8,1919571.88
2002-Q4,I8,1959969.5
2003-Q1,I8,1932998.75
2003-Q2,I8,1946976.88
2003-Q3,I8,1980377.88
2003-Q4,I8,2021411.0
2004-Q1,I8,2070990.25
2004-Q2,I8,2089123.75
2004-Q3,I8,2100787.5
2004-Q4,I8,2121357.75
2005-Q1,I8,2139628.5
2005-Q2,I8,2203127.5
2005-Q3,I8,2258831.5
2005-Q4,I8,2313260.25
2006-Q1,I8,2409318.5
2006-Q2,I8,2488100.5
2006-Q3,I8,2442553.5
2006-Q4,I8,2493011.0
2007-Q1,I8,2566910.5
2007-Q2,I8,2679281.75
2007-Q3,I8,2772602.75
2007-Q4,I8,3038035.25
2008-Q1,I8,3116966.0
2008-Q2,I8,3208794.0
2008-Q3,I8,3324027.25
2008-Q4,I8,3312074.25
2009-Q1,I8,3386855.5
2009-Q2,I8,3391598.25
2009-Q3,I8,3380655.25
2009-Q4,I8,3364654.0
2010-Q1,I8,3397491.5
2010-Q2,I8,3438152.0
2010-Q3,I8,3436487.75
2010-Q4,I8,3423627.75
2011-Q1,I8,3420327.5
2011-Q2,I8,3386651.25
2011-Q3,I8,3408094.0
2011-Q4,I8,3406769.75
2012-Q1,I8,3389078.5
2012-Q2,I8,3381096.0
2012-Q3,I8,3338837.5
2012-Q4,I8,3237728.5
2013-Q1,I8,3184934.75
2013-Q2,I8,3153687.0
2013-Q3,I8,3127731.0
2013-Q4,I8,3078120.25
2014-Q1,I8,3086558.75
2014-Q2,I8,3068358.0
2014-Q3,I8,3067917.25
2014-Q4,I8,3042041.5
2015-Q1,I8,3070792.5
2015-Q2,I8,3074380.75
2015-Q3,I8,3070498.75
2015-Q4,I8,3077355.75
2016-Q1,I8,3081000.75
2016-Q2,I8,3106190.25
2016-Q3,I8,3135402.75
2016-Q4,I8,3140692.5
2017-Q1,I8,3156473.5
2017-Q2,I8,3135273.75
2017-Q3,I8,3145543.75
2017-Q4,I8,3179635.0
2018-Q1,I8,3183591.25
2018-Q2,I8,3211863.0
2018-Q3,I8,3238030.5
2018-Q4,I8,3256935.0
2019-Q1,I8,3282886.25
2019-Q2,I8,3326534.0
2019-Q3,I8,3340472.25
2019-Q4,I8,3346929.0
2020-Q1,I8,3408300.5
2020-Q2,I8,3563936.0
2020-Q3,I8,3607547.75
2002-Q1,IE,30333.0
2002-Q2,IE,31164.0
2002-Q3,IE,32328.0
2002-Q4,IE,32894.0
2003-Q1,IE,34716.0
2003-Q2,IE,37029.0
2003-Q3,IE,38994.0
2003-Q4,IE,43310.0
2004-Q1,IE,42580.0
2004-Q2,IE,45278.0
2004-Q3,IE,47293.0
2004-Q4,IE,50202.0
2005-Q1,IE,52923.0
2005-Q2,IE,56514.0
2005-Q3,IE,60015.0
2005-Q4,IE,65720.0
2006-Q1,IE,71104.0
2006-Q2,IE,76549.0
2006-Q3,IE,82068.0
2006-Q4,IE,88915.0
2007-Q1,IE,91810.0
2007-Q2,IE,98268.0
2007-Q3,IE,104261.0
2007-Q4,IE,109382.0
2008-Q1,IE,111311.0
2008-Q2,IE,114546.0
2008-Q3,IE,116540.0
2008-Q4,IE,113632.0
2009-Q1,IE,113282.0
2009-Q2,IE,115844.0
2009-Q3,IE,104995.0
2009-Q4,IE,96185.0
2010-Q1,IE,94740.0
2010-Q2,IE,84250.0
2010-Q3,IE,77821.0
2010-Q4,IE,67920.0
2011-Q1,IE,64818.0
2011-Q2,IE,63575.0
2011-Q3,IE,63793.0
2011-Q4,IE,63261.0
2012-Q1,IE,62351.0
2012-Q2,IE,61603.0
2012-Q3,IE,61056.0
2012-Q4,IE,59694.0
2013-Q1,IE,59383.0
2013-Q2,IE,54392.0
2013-Q3,IE,54874.0
2013-Q4,IE,52813.0
2014-Q1,IE,50808.0
2014-Q2,IE,46419.0
2014-Q3,IE,40506.0
2014-Q4,IE,39588.0
2015-Q1,IE,35775.0
2015-Q2,IE,35436.0
2015-Q3,IE,34186.0
2015-Q4,IE,33703.0
2016-Q1,IE,32880.0
2016-Q2,IE,32796.0
2016-Q3,IE,32421.0
2016-Q4,IE,31093.0
2017-Q1,IE,31076.0
2017-Q2,IE,31356.0
2017-Q3,IE,31275.0
2017-Q4,IE,31375.0
2018-Q1,IE,31454.0
2018-Q2,IE,31970.0
2018-Q3,IE,32757.0
2018-Q4,IE,32043.0
2019-Q1,IE,32441.0
2019-Q2,IE,33056.0
2019-Q3,IE,32490.0
2019-Q4,IE,30897.0
2020-Q1,IE,31177.0
2020-Q2,IE,31835.0
2020-Q3,IE,31053.0
2000-Q1,IT,191867.0
2000-Q2,IT,194727.0
2000-Q3,IT,196234.0
2000-Q4,IT,202229.0
2001-Q1,IT,204041.0
2001-Q2,IT,207328.0
2001-Q3,IT,210674.0
2001-Q4,IT,219341.0
2002-Q1,IT,225737.0
2002-Q2,IT,232823.0
2002-Q3,IT,237968.0
2002-Q4,IT,248460.0
2003-Q1,IT,253742.0
2003-Q2,IT,265068.0
2003-Q3,IT,277932.0
2003-Q4,IT,290448.0
2004-Q1,IT,297024.0
2004-Q2,IT,305804.0
2004-Q3,IT,310127.0
2004-Q4,IT,323086.0
2005-Q1,IT,332194.0
2005-Q2,IT,338365.0
2005-Q3,IT,345494.0
2005-Q4,IT,349964.0
2006-Q1,IT,360949.0
2006-Q2,IT,369870.0
2006-Q3,IT,384504.0
2006-Q4,IT,398223.0
2007-Q1,IT,409615.0
2007-Q2,IT,421496.0
2007-Q3,IT,431577.0
2007-Q4,IT,457884.0
2008-Q1,IT,469297.0
2008-Q2,IT,480022.0
2008-Q3,IT,483727.0
2008-Q4,IT,494779.0
2009-Q1,IT,513114.0
2009-Q2,IT,517612.0
2009-Q3,IT,520016.0
2009-Q4,IT,520750.0
2010-Q1,IT,519989.0
2010-Q2,IT,529000.0
2010-Q3,IT,530720.0
2010-Q4,IT,536766.0
2011-Q1,IT,543134.0
2011-Q2,IT,545693.0
2011-Q3,IT,547243.0
2011-Q4,IT,546772.0
2012-Q1,IT,540235.0
2012-Q2,IT,540780.0
2012-Q3,IT,532989.0
2012-Q4,IT,524223.0
2013-Q1,IT,523207.0
2013-Q2,IT,514160.0
2013-Q3,IT,507635.0
2013-Q4,IT,500846.0
2014-Q1,IT,517144.0
2014-Q2,IT,512438.0
2014-Q3,IT,514745.0
2014-Q4,IT,505858.0
2015-Q1,IT,509743.0
2015-Q2,IT,511989.0
2015-Q3,IT,515121.0
2015-Q4,IT,512264.0
2016-Q1,IT,510067.0
2016-Q2,IT,510877.0
2016-Q3,IT,513847.0
2016-Q4,IT,515020.0
2017-Q1,IT,513019.0
2017-Q2,IT,502685.0
2017-Q3,IT,491454.0
2017-Q4,IT,486805.0
2018-Q1,IT,487082.0
2018-Q2,IT,474688.0
2018-Q3,IT,473722.0
2018-Q4,IT,461407.0
2019-Q1,IT,457031.0
2019-Q2,IT,450517.0
2019-Q3,IT,442732.0
2019-Q4,IT,433725.0
2020-Q1,IT,443160.0
2020-Q2,IT,475462.0
2020-Q3,IT,507872.0
2000-Q1,LT,609.71
2000-Q2,LT,644.64
2000-Q3,LT,661.69
2000-Q4,LT,670.63
2001-Q1,LT,713.88
2001-Q2,LT,724.84
2001-Q3,LT,745.4
2001-Q4,LT,889.95
2002-Q1,LT,898.98
2002-Q2,LT,953.3
2002-Q3,LT,1025.74
2002-Q4,LT,1138.96
2003-Q1,LT,1205.1
2003-Q2,LT,1345.88
2003-Q3,LT,1653.36
2003-Q4,LT,1838.08
2004-Q1,LT,1589.64
2004-Q2,LT,2100.11
2004-Q3,LT,2169.42
2004-Q4,LT,2435.82
2005-Q1,LT,2565.91
2005-Q2,LT,2722.16
2005-Q3,LT,3060.4
2005-Q4,LT,3582.94
2006-Q1,LT,3919.75
2006-Q2,LT,4357.34
2006-Q3,LT,4688.02
2006-Q4,LT,5128.93
2007-Q1,LT,5527.24
2007-Q2,LT,5944.28
2007-Q3,LT,6462.01
2007-Q4,LT,6910.01
2008-Q1,LT,7288.66
2008-Q2,LT,7776.87
2008-Q3,LT,8050.31
2008-Q4,LT,8039.49
2009-Q1,LT,7761.94
2009-Q2,LT,7453.78
2009-Q3,LT,7243.42
2009-Q4,LT,7105.57
2010-Q1,LT,6927.87
2010-Q2,LT,6827.43
2010-Q3,LT,6528.58
2010-Q4,LT,6361.21
2011-Q1,LT,6350.18
2011-Q2,LT,6383.2
2011-Q3,LT,6466.93
2011-Q4,LT,6027.78
2012-Q1,LT,6008.83
2012-Q2,LT,6093.61
2012-Q3,LT,6150.04
2012-Q4,LT,6025.81
2013-Q1,LT,6017.83
2013-Q2,LT,5835.43
2013-Q3,LT,5634.83
2013-Q4,LT,6019.07
2014-Q1,LT,6088.69
2014-Q2,LT,6054.71
2014-Q3,LT,6080.8
2014-Q4,LT,5976.72
2015-Q1,LT,5901.62
2015-Q2,LT,6086.28
2015-Q3,LT,6330.59
2015-Q4,LT,6494.78
2016-Q1,LT,6699.96
2016-Q2,LT,6987.49
2016-Q3,LT,7138.51
2016-Q4,LT,7002.63
2017-Q1,LT,7056.02
2017-Q2,LT,7119.03
2017-Q3,LT,7211.38
2017-Q4,LT,7100.56
2018-Q1,LT,7216.56
2018-Q2,LT,7492.24
2018-Q3,LT,7611.36
2018-Q4,LT,7440.25
2019-Q1,LT,7496.72
2019-Q2,LT,7612.5
2019-Q3,LT,7697.93
2019-Q4,LT,7434.05
2020-Q1,LT,6991.93
2020-Q2,LT,6846.01
2020-Q3,LT,6890.99
2000-Q1,LU,4003.9
2000-Q2,LU,3865.46
2000-Q3,LU,4228.45
2000-Q4,LU,4355.45
2001-Q1,LU,4585.18
2001-Q2,LU,4528.5
2001-Q3,LU,4353.89
2001-Q4,LU,5266.28
2002-Q1,LU,5155.69
2002-Q2,LU,5521.2
2002-Q3,LU,4785.55
2002-Q4,LU,4600.42
2003-Q1,LU,4117.92
2003-Q2,LU,4495.96
2003-Q3,LU,4037.12
2003-Q4,LU,3843.66
2004-Q1,LU,4167.66
2004-Q2,LU,4152.23
2004-Q3,LU,4141.17
2004-Q4,LU,4009.06
2005-Q1,LU,4062.72
2005-Q2,LU,4532.43
2005-Q3,LU,4417.29
2005-Q4,LU,4704.18
2006-Q1,LU,4559.15
2006-Q2,LU,4768.65
2006-Q3,LU,4984.72
2006-Q4,LU,5730.54
2007-Q1,LU,6023.51
2007-Q2,LU,5524.6
2007-Q3,LU,5592.05
2007-Q4,LU,6680.27
2008-Q1,LU,6943.97
2008-Q2,LU,8499.42
2008-Q3,LU,9451.23
2008-Q4,LU,10905.71
2009-Q1,LU,11016.45
2009-Q2,LU,10379.42
2009-Q3,LU,8897.16
2009-Q4,LU,8554.62
2010-Q1,LU,9564.53
2010-Q2,LU,9730.72
2010-Q3,LU,9542.3
2010-Q4,LU,9987.0
2011-Q1,LU,9630.8
2011-Q2,LU,9714.47
2011-Q3,LU,9967.85
2011-Q4,LU,10166.94
2012-Q1,LU,9541.19
2012-Q2,LU,10076.08
2012-Q3,LU,10433.02
2012-Q4,LU,9902.23
2013-Q1,LU,10267.6
2013-Q2,LU,10197.05
2013-Q3,LU,10431.23
2013-Q4,LU,10758.85
2014-Q1,LU,10838.61
2014-Q2,LU,10868.27
2014-Q3,LU,11078.91
2014-Q4,LU,11057.68
2015-Q1,LU,10871.01
2015-Q2,LU,14965.74
2015-Q3,LU,14791.77
2015-Q4,LU,14149.33
2016-Q1,LU,15342.46
2016-Q2,LU,16633.69
2016-Q3,LU,17889.96
2016-Q4,LU,18083.99
2017-Q1,LU,18356.7
2017-Q2,LU,19158.86
2017-Q3,LU,20227.41
2017-Q4,LU,19393.63
2018-Q1,LU,20716.34
2018-Q2,LU,21307.85
2018-Q3,LU,21944.2
2018-Q4,LU,22683.26
2019-Q1,LU,22910.27
2019-Q2,LU,23711.8
2019-Q3,LU,23845.28
2019-Q4,LU,23922.14
2020-Q1,LU,24672.35
2020-Q2,LU,25356.21
2020-Q3,LU,25273.63
2004-Q1,LV,1856.7
2004-Q2,LV,2042.7
2004-Q3,LV,2210.3
2004-Q4,LV,2415.9
2005-Q1,LV,2642.8
2005-Q2,LV,2985.4
2005-Q3,LV,3309.8
2005-Q4,LV,3512.8
2006-Q1,LV,3807.8
2006-Q2,LV,4313.3
2006-Q3,LV,4820.1
2006-Q4,LV,5584.8
2007-Q1,LV,5956.1
2007-Q2,LV,6546.2
2007-Q3,LV,7089.6
2007-Q4,LV,7519.9
2008-Q1,LV,7790.9
2008-Q2,LV,8149.6
2008-Q3,LV,8468.8
2008-Q4,LV,8535.6
2009-Q1,LV,8514.2
2009-Q2,LV,8453.0
2009-Q3,LV,8270.5
2009-Q4,LV,7933.2
2010-Q1,LV,7643.9
2010-Q2,LV,7178.6
2010-Q3,LV,6915.0
2010-Q4,LV,6562.2
2011-Q1,LV,6360.7
2011-Q2,LV,6211.9
2011-Q3,LV,6151.5
2011-Q4,LV,5953.5
2012-Q1,LV,5843.9
2012-Q2,LV,5716.6
2012-Q3,LV,5724.5
2012-Q4,LV,5824.8
2013-Q1,LV,5740.6
2013-Q2,LV,5475.0
2013-Q3,LV,5445.9
2013-Q4,LV,5440.0
2014-Q1,LV,5184.5
2014-Q2,LV,5144.5
2014-Q3,LV,5132.3
2014-Q4,LV,5087.9
2015-Q1,LV,4775.6
2015-Q2,LV,4814.4
2015-Q3,LV,4907.2
2015-Q4,LV,4806.3
2016-Q1,LV,4736.9
2016-Q2,LV,4851.2
2016-Q3,LV,4944.6
2016-Q4,LV,5004.0
2017-Q1,LV,4952.3
2017-Q2,LV,4942.7
2017-Q3,LV,4425.0
2017-Q4,LV,4539.3
2018-Q1,LV,4487.2
2018-Q2,LV,4408.1
2018-Q3,LV,4096.9
2018-Q4,LV,4210.1
2019-Q1,LV,4282.2
2019-Q2,LV,4355.1
2019-Q3,LV,4342.1
2019-Q4,LV,4237.4
2020-Q1,LV,4158.6
2020-Q2,LV,4106.7
2020-Q3,LV,4069.2
2004-Q1,MT,1579.071
2004-Q2,MT,1630.603
2004-Q3,MT,1665.524
2004-Q4,MT,1697.044
2005-Q1,MT,1737.825
2005-Q2,MT,1710.206
2005-Q3,MT,1759.785
2005-Q4,MT,1858.768
2006-Q1,MT,1938.218
2006-Q2,MT,1971.257
2006-Q3,MT,2037.666
2006-Q4,MT,2116.085
2007-Q1,MT,2175.63
2007-Q2,MT,2209.918
2007-Q3,MT,2244.57
2007-Q4,MT,2262.654
2008-Q1,MT,2370.47
2008-Q2,MT,2546.231
2008-Q3,MT,2629.458
2008-Q4,MT,2667.269
2009-Q1,MT,2655.249
2009-Q2,MT,2735.394
2009-Q3,MT,2786.636
2009-Q4,MT,2875.728
2010-Q1,MT,2879.002
2010-Q2,MT,2728.884
2010-Q3,MT,2807.585
2010-Q4,MT,2827.862
2011-Q1,MT,2903.802
2011-Q2,MT,2953.415
2011-Q3,MT,3010.891
2011-Q4,MT,3039.879
2012-Q1,MT,3024.26
2012-Q2,MT,3043.594
2012-Q3,MT,3076.007
2012-Q4,MT,2856.731
2013-Q1,MT,2820.629
2013-Q2,MT,2798.615
2013-Q3,MT,2735.839
2013-Q4,MT,2715.321
2014-Q1,MT,2726.612
2014-Q2,MT,2669.115
2014-Q3,MT,2768.975
2014-Q4,MT,2670.007
2015-Q1,MT,2548.177
2015-Q2,MT,2545.598
2015-Q3,MT,2622.116
2015-Q4,MT,2655.272
2016-Q1,MT,2649.927
2016-Q2,MT,2650.524
2016-Q3,MT,2615.106
2016-Q4,MT,2577.659
2017-Q1,MT,2584.671
2017-Q2,MT,2465.902
2017-Q3,MT,2509.332
2017-Q4,MT,2590.342
2018-Q1,MT,2670.547
2018-Q2,MT,2728.841
2018-Q3,MT,2749.008
2018-Q4,MT,2764.649
2019-Q1,MT,2780.688
2019-Q2,MT,2858.745
2019-Q3,MT,2907.974
2019-Q4,MT,2941.976
2020-Q1,MT,3010.873
2020-Q2,MT,3094.854
2020-Q3,MT,3222.685
2000-Q1,NL,128794.0
2000-Q2,NL,132037.0
2000-Q3,NL,134905.0
2000-Q4,NL,137377.0
2001-Q1,NL,138305.0
2001-Q2,NL,138089.0
2001-Q3,NL,137012.0
2001-Q4,NL,139151.0
2002-Q1,NL,138098.0
2002-Q2,NL,140034.0
2002-Q3,NL,142039.0
2002-Q4,NL,149107.0
2003-Q1,NL,153364.0
2003-Q2,NL,157509.0
2003-Q3,NL,162427.0
2003-Q4,NL,167082.0
2004-Q1,NL,169718.0
2004-Q2,NL,169063.0
2004-Q3,NL,170354.0
2004-Q4,NL,168396.0
2005-Q1,NL,164552.0
2005-Q2,NL,170049.0
2005-Q3,NL,171333.0
2005-Q4,NL,174281.0
2006-Q1,NL,173392.0
2006-Q2,NL,174068.0
2006-Q3,NL,181119.0
2006-Q4,NL,188509.0
2007-Q1,NL,188332.0
2007-Q2,NL,189842.0
2007-Q3,NL,190527.0
2007-Q4,NL,193507.0
2008-Q1,NL,200965.0
2008-Q2,NL,209061.0
2008-Q3,NL,214200.0
2008-Q4,NL,209487.0
2009-Q1,NL,213471.0
2009-Q2,NL,216889.0
2009-Q3,NL,219265.0
2009-Q4,NL,226248.0
2010-Q1,NL,227542.0
2010-Q2,NL,225591.0
2010-Q3,NL,240325.0
2010-Q4,NL,239483.0
2011-Q1,NL,240388.0
2011-Q2,NL,241447.0
2011-Q3,NL,244496.0
2011-Q4,NL,247509.0
2012-Q1,NL,248504.0
2012-Q2,NL,250544.0
2012-Q3,NL,252056.0
2012-Q4,NL,251554.0
2013-Q1,NL,252370.0
2013-Q2,NL,251515.0
2013-Q3,NL,249553.0
2013-Q4,NL,242930.0
2014-Q1,NL,240503.0
2014-Q2,NL,235985.0
2014-Q3,NL,234999.0
2014-Q4,NL,242269.0
2015-Q1,NL,243500.0
2015-Q2,NL,240654.0
2015-Q3,NL,237577.0
2015-Q4,NL,234155.0
2016-Q1,NL,232856.0
2016-Q2,NL,235216.0
2016-Q3,NL,234875.0
2016-Q4,NL,232239.0
2017-Q1,NL,231508.0
2017-Q2,NL,233682.0
2017-Q3,NL,234320.0
2017-Q4,NL,236332.0
2018-Q1,NL,238198.0
2018-Q2,NL,238333.0
2018-Q3,NL,239796.0
2018-Q4,NL,238069.0
2019-Q1,NL,238923.0
2019-Q2,NL,239084.0
2019-Q3,NL,239607.0
2019-Q4,NL,238689.0
2020-Q1,NL,245496.0
2020-Q2,NL,246873.0
2020-Q3,NL,243821.0
2003-Q4,PL,80431.83
2004-Q1,PL,80909.83
2004-Q2,PL,79326.06
2004-Q3,PL,78926.19
2004-Q4,PL,77107.29
2005-Q1,PL,77184.21
2005-Q2,PL,77790.61
2005-Q3,PL,78101.1
2005-Q4,PL,80667.2
2006-Q1,PL,82503.41
2006-Q2,PL,86948.37
2006-Q3,PL,89478.74
2006-Q4,PL,92889.72
2007-Q1,PL,97257.13
2007-Q2,PL,102073.97
2007-Q3,PL,107982.74
2007-Q4,PL,115664.09
2008-Q1,PL,121342.19
2008-Q2,PL,129914.21
2008-Q3,PL,135217.75
2008-Q4,PL,151213.41
2009-Q1,PL,159186.28
2009-Q2,PL,156908.78
2009-Q3,PL,154320.33
2009-Q4,PL,151181.75
2010-Q1,PL,147623.95
2010-Q2,PL,149718.45
2010-Q3,PL,147691.67
2010-Q4,PL,148960.9
2011-Q1,PL,150698.66
2011-Q2,PL,156028.85
2011-Q3,PL,165926.51
2011-Q4,PL,179519.54
2012-Q1,PL,175649.8
2012-Q2,PL,180409.87
2012-Q3,PL,181854.41
2012-Q4,PL,178957.05
2013-Q1,PL,179291.4
2013-Q2,PL,183862.16
2013-Q3,PL,183490.61
2013-Q4,PL,183764.17
2014-Q1,PL,188557.29
2014-Q2,PL,192259.23
2014-Q3,PL,194966.95
2014-Q4,PL,198342.16
2015-Q1,PL,200527.55
2015-Q2,PL,205925.96
2015-Q3,PL,211261.52
2015-Q4,PL,212612.98
2016-Q1,PL,216311.83
2016-Q2,PL,219208.61
2016-Q3,PL,225913.78
2016-Q4,PL,230796.32
2017-Q1,PL,231922.15
2017-Q2,PL,238149.69
2017-Q3,PL,247188.22
2017-Q4,PL,249937.84
2018-Q1,PL,256953.97
2018-Q2,PL,261732.72
2018-Q3,PL,262487.94
2018-Q4,PL,271765.89
2019-Q1,PL,277023.22
2019-Q2,PL,276242.62
2019-Q3,PL,280735.12
2019-Q4,PL,280299.91
2020-Q1,PL,293264.82
2020-Q2,PL,287987.5
2020-Q3,PL,285752.02
2000-Q1,PT,24157.8681
2000-Q2,PT,25623.7852
2000-Q3,PT,27364.7157
2000-Q4,PT,28147.9184
2001-Q1,PT,29811.2242
2001-Q2,PT,31484.3132
2001-Q3,PT,32882.3549
2001-Q4,PT,34257.7001
2002-Q1,PT,35786.3528
2002-Q2,PT,36908.7025
2002-Q3,PT,37206.9169
2002-Q4,PT,37640.8585
2003-Q1,PT,35038.2929
2003-Q2,PT,35262.5752
2003-Q3,PT,36367.82
2003-Q4,PT,40352.2427
2004-Q1,PT,39738.1035
2004-Q2,PT,40822.2341
2004-Q3,PT,41117.9271
2004-Q4,PT,42511.5492
2005-Q1,PT,42595.3253
2005-Q2,PT,44262.5479
2005-Q3,PT,45625.8626
2005-Q4,PT,46114.7961
2006-Q1,PT,47244.2063
2006-Q2,PT,49056.2207
2006-Q3,PT,50048.6104
2006-Q4,PT,51050.4874
2007-Q1,PT,52465.3908
2007-Q2,PT,54116.8527
2007-Q3,PT,55844.7242
2007-Q4,PT,57991.3931
2008-Q1,PT,60282.1889
2008-Q2,PT,62169.1895
2008-Q3,PT,64345.3205
2008-Q4,PT,69517.0752
2009-Q1,PT,70032.3942
2009-Q2,PT,71202.5714
2009-Q3,PT,72364.9738
2009-Q4,PT,74686.929
2010-Q1,PT,74808.6009
2010-Q2,PT,76100.5896
2010-Q3,PT,76838.0963
2010-Q4,PT,77122.1122
2011-Q1,PT,76690.1839
2011-Q2,PT,78491.9389
2011-Q3,PT,77475.9533
2011-Q4,PT,76373.444
2012-Q1,PT,75090.9024
2012-Q2,PT,73737.3052
2012-Q3,PT,73572.4602
2012-Q4,PT,71957.7967
2013-Q1,PT,71758.0214
2013-Q2,PT,71210.1609
2013-Q3,PT,69320.1337
2013-Q4,PT,68318.0573
2014-Q1,PT,66895.0829
2014-Q2,PT,65665.8418
2014-Q3,PT,65233.4934
2014-Q4,PT,63687.566
2015-Q1,PT,63230.9728
2015-Q2,PT,63019.5808
2015-Q3,PT,62976.4539
2015-Q4,PT,61968.9675
2016-Q1,PT,60891.1094
2016-Q2,PT,60051.6041
2016-Q3,PT,60049.8917
2016-Q4,PT,58352.3538
2017-Q1,PT,57789.7262
2017-Q2,PT,56580.2128
2017-Q3,PT,56867.7234
2017-Q4,PT,55927.0885
2018-Q1,PT,55579.3319
2018-Q2,PT,54748.5689
2018-Q3,PT,54973.837
2018-Q4,PT,53552.4531
2019-Q1,PT,53329.17
2019-Q2,PT,54132.1736
2019-Q3,PT,53368.8559
2019-Q4,PT,52234.9674
2020-Q1,PT,53073.7523
2020-Q2,PT,58118.6399
2020-Q3,PT,59478.9193
2007-Q1,RO,28799.42
2007-Q2,RO,31388.11
2007-Q3,RO,36913.48
2007-Q4,RO,42749.6
2008-Q1,RO,47385.03
2008-Q2,RO,50307.23
2008-Q3,RO,54012.03
2008-Q4,RO,55313.55
2009-Q1,RO,56396.98
2009-Q2,RO,55490.46
2009-Q3,RO,57158.49
2009-Q4,RO,57390.97
2010-Q1,RO,57613.96
2010-Q2,RO,61768.34
2010-Q3,RO,62911.75
2010-Q4,RO,66156.7
2011-Q1,RO,65747.5
2011-Q2,RO,68577.78
2011-Q3,RO,70867.16
2011-Q4,RO,72184.72
2012-Q1,RO,69692.28
2012-Q2,RO,70273.7
2012-Q3,RO,72341.08
2012-Q4,RO,72700.12
2013-Q1,RO,72495.71
2013-Q2,RO,74216.14
2013-Q3,RO,75312.33
2013-Q4,RO,73981.48
2014-Q1,RO,73761.53
2014-Q2,RO,73845.77
2014-Q3,RO,73029.05
2014-Q4,RO,73286.62
2015-Q1,RO,72394.07
2015-Q2,RO,73973.22
2015-Q3,RO,74248.52
2015-Q4,RO,73857.1
2016-Q1,RO,72966.5
2016-Q2,RO,71933.5
2016-Q3,RO,71315.7
2016-Q4,RO,72578.8
2017-Q1,RO,72983.6
2017-Q2,RO,73744.1
2017-Q3,RO,74728.8
2017-Q4,RO,73155.7
2018-Q1,RO,74193.8
2018-Q2,RO,75735.1
2018-Q3,RO,77444.6
2018-Q4,RO,80372.9
2019-Q1,RO,81058.8
2019-Q2,RO,83427.6
2019-Q3,RO,85625.3
2019-Q4,RO,85051.3
2020-Q1,RO,88287.2
2020-Q2,RO,87937.2
2020-Q3,RO,92507.7
2000-Q1,SE,536633.0
2000-Q2,SE,536180.0
2000-Q3,SE,542535.0
2000-Q4,SE,547858.0
2001-Q1,SE,569259.0
2001-Q2,SE,572479.0
2001-Q3,SE,579890.0
2001-Q4,SE,561665.0
2002-Q1,SE,570294.0
2002-Q2,SE,569760.0
2002-Q3,SE,564757.0
2002-Q4,SE,567152.0
2003-Q1,SE,565878.0
2003-Q2,SE,569960.0
2003-Q3,SE,557933.0
2003-Q4,SE,519330.0
2004-Q1,SE,527392.0
2004-Q2,SE,516484.0
2004-Q3,SE,503245.0
2004-Q4,SE,520874.0
2005-Q1,SE,444303.0
2005-Q2,SE,444963.0
2005-Q3,SE,406978.0
2005-Q4,SE,433708.0
2006-Q1,SE,408064.0
2006-Q2,SE,407530.0
2006-Q3,SE,398075.0
2006-Q4,SE,399379.0
2007-Q1,SE,408716.0
2007-Q2,SE,403938.0
2007-Q3,SE,410563.0
2007-Q4,SE,422606.0
2008-Q1,SE,415231.0
2008-Q2,SE,415453.0
2008-Q3,SE,419648.0
2008-Q4,SE,429654.0
2009-Q1,SE,421951.0
2009-Q2,SE,403394.0
2009-Q3,SE,392744.0
2009-Q4,SE,375427.0
2010-Q1,SE,373562.0
2010-Q2,SE,363863.0
2010-Q3,SE,363006.0
2010-Q4,SE,375148.0
2011-Q1,SE,389610.0
2011-Q2,SE,401888.0
2011-Q3,SE,410455.0
2011-Q4,SE,436164.0
2012-Q1,SE,447123.0
2012-Q2,SE,453113.0
2012-Q3,SE,470101.0
2012-Q4,SE,483787.0
2013-Q1,SE,484816.0
2013-Q2,SE,478121.0
2013-Q3,SE,465413.0
2013-Q4,SE,457782.0
2014-Q1,SE,449637.0
2014-Q2,SE,443536.0
2014-Q3,SE,435408.0
2014-Q4,SE,434215.0
2015-Q1,SE,434804.0
2015-Q2,SE,440515.0
2015-Q3,SE,441892.0
2015-Q4,SE,448317.0
2016-Q1,SE,441970.0
2016-Q2,SE,456751.0
2016-Q3,SE,467218.0
2016-Q4,SE,494467.0
2017-Q1,SE,509962.0
2017-Q2,SE,524392.0
2017-Q3,SE,530829.0
2017-Q4,SE,547401.0
2018-Q1,SE,556624.0
2018-Q2,SE,568918.0
2018-Q3,SE,572228.0
2018-Q4,SE,585543.0
2019-Q1,SE,597070.0
2019-Q2,SE,610371.0
2019-Q3,SE,629252.0
2019-Q4,SE,651406.0
2020-Q1,SE,649702.0
2020-Q2,SE,673557.0
2020-Q3,SE,693484.0
2004-Q1,SI,4396.58
2004-Q2,SI,4663.5
2004-Q3,SI,4934.58
2004-Q4,SI,5211.34
2005-Q1,SI,5365.33
2005-Q2,SI,5625.93
2005-Q3,SI,5962.51
2005-Q4,SI,6440.38
2006-Q1,SI,6771.21
2006-Q2,SI,7072.25
2006-Q3,SI,7237.94
2006-Q4,SI,7821.92
2007-Q1,SI,8277.12
2007-Q2,SI,8996.15
2007-Q3,SI,9780.15
2007-Q4,SI,10542.08
2008-Q1,SI,10825.75
2008-Q2,SI,11346.55
2008-Q3,SI,11701.39
2008-Q4,SI,11929.33
2009-Q1,SI,12065.88
2009-Q2,SI,12177.62
2009-Q3,SI,12709.99
2009-Q4,SI,13459.45
2010-Q1,SI,13558.85
2010-Q2,SI,14048.42
2010-Q3,SI,14056.0
2010-Q4,SI,14234.3
2011-Q1,SI,14232.87
2011-Q2,SI,14221.89
2011-Q3,SI,14260.55
2011-Q4,SI,13721.57
2012-Q1,SI,13704.17
2012-Q2,SI,13416.86
2012-Q3,SI,13277.7
2012-Q4,SI,12783.47
2013-Q1,SI,12474.1
2013-Q2,SI,12233.59
2013-Q3,SI,12286.36
2013-Q4,SI,10083.04
2014-Q1,SI,9766.48
2014-Q2,SI,9871.23
2014-Q3,SI,9722.26
2014-Q4,SI,8880.74
2015-Q1,SI,8899.15
2015-Q2,SI,8642.89
2015-Q3,SI,8483.68
2015-Q4,SI,8350.6
2016-Q1,SI,7938.98
2016-Q2,SI,7880.75
2016-Q3,SI,7603.37
2016-Q4,SI,7971.98
2017-Q1,SI,7903.31
2017-Q2,SI,8101.91
2017-Q3,SI,8124.84
2017-Q4,SI,8015.73
2018-Q1,SI,7908.92
2018-Q2,SI,7947.94
2018-Q3,SI,7900.04
2018-Q4,SI,7934.61
2019-Q1,SI,7932.42
2019-Q2,SI,8026.06
2019-Q3,SI,8217.39
2019-Q4,SI,8191.23
2020-Q1,SI,8465.76
2020-Q2,SI,8252.64
2020-Q3,SI,8177.63
2004-Q1,SK,3300.657903
2004-Q2,SK,3827.490772
2004-Q3,SK,4269.518423
2004-Q4,SK,4468.433546
2005-Q1,SK,4587.8607183164
2005-Q2,SK,4695.268771
2005-Q3,SK,4926.063301
2005-Q4,SK,5143.202914
2006-Q1,SK,5441.060878
2006-Q2,SK,5516.491934
2006-Q3,SK,5700.545243
2006-Q4,SK,6386.087665
2007-Q1,SK,6298.129025
2007-Q2,SK,6634.681604
2007-Q3,SK,7125.156277
2007-Q4,SK,7620.8184956516
2008-Q1,SK,7946.751212
2008-Q2,SK,8250.021277302
2008-Q3,SK,8744.953661
2008-Q4,SK,9100.3921861515
2009-Q1,SK,9231.538
2009-Q2,SK,9331.77
2009-Q3,SK,9479.277
2009-Q4,SK,9533.434
2010-Q1,SK,9398.618
2010-Q2,SK,9272.208
2010-Q3,SK,9450.165
2010-Q4,SK,9583.455
2011-Q1,SK,9838.168
2011-Q2,SK,9933.757
2011-Q3,SK,10080.661
2011-Q4,SK,10048.444464
2012-Q1,SK,10016.38
2012-Q2,SK,9797.867
2012-Q3,SK,9624.109
2012-Q4,SK,9598.508
2013-Q1,SK,9361.305
2013-Q2,SK,9249.282
2013-Q3,SK,9146.488
2013-Q4,SK,9046.405
2014-Q1,SK,9269.52
2014-Q2,SK,9166.581
2014-Q3,SK,9457.602
2014-Q4,SK,9444.846
2015-Q1,SK,9527.959
2015-Q2,SK,9765.256
2015-Q3,SK,9828.566
2015-Q4,SK,10168.745
2016-Q1,SK,10278.382
2016-Q2,SK,10573.75
2016-Q3,SK,10717.671
2016-Q4,SK,11193.215
2017-Q1,SK,11372.821
2017-Q2,SK,11593.856
2017-Q3,SK,11750.046
2017-Q4,SK,12122.566
2018-Q1,SK,12187.968
2018-Q2,SK,12402.527
2018-Q3,SK,12543.42
2018-Q4,SK,12847.417
2019-Q1,SK,12759.759
2019-Q2,SK,13007.95
2019-Q3,SK,13042.824
2019-Q4,SK,13098.763
2020-Q1,SK,12997.886
2020-Q2,SK,13215.278
2020-Q3,SK,13473.674
